Sequence name  ,Length (bp) including gaps  ,Name
NC_048595.1,461620117,chr2
NC_048596.1,282827514,chr3
NC_048597.1,231097868,chr4
NC_048598.1,193770019,chr5
NC_048599.1,155611870,chr6
NC_048600.1,134359064,chr7
NC_048601.1,99554469,chr8
NC_048602.1,28505831,chr9
NC_048603.1,32558357,chr10
NC_048604.1,127255434,chrX
NW_023276806.1,275698159,chr1_0
NW_023276807.1,274391693,chr1_1
NW_023276808.1,10418059,unplaced_scaffold_1
NW_023276809.1,531245,unplaced_scaffold_10
NW_023276810.1,102863,unplaced_scaffold_100
NW_023276811.1,102821,unplaced_scaffold_101
NW_023276812.1,102519,unplaced_scaffold_102
NW_023276813.1,102501,unplaced_scaffold_103
NW_023276814.1,101655,unplaced_scaffold_104
NW_023276815.1,100564,unplaced_scaffold_105
NW_023276816.1,99764,unplaced_scaffold_106
NW_023276817.1,99756,unplaced_scaffold_107
NW_023276818.1,99530,unplaced_scaffold_108
NW_023276819.1,99235,unplaced_scaffold_109
NW_023276820.1,530059,unplaced_scaffold_11
NW_023276821.1,99138,unplaced_scaffold_110
NW_023276822.1,98701,unplaced_scaffold_111
NW_023276823.1,97217,unplaced_scaffold_112
NW_023276824.1,96523,unplaced_scaffold_113
NW_023276825.1,95564,unplaced_scaffold_114
NW_023276826.1,94738,unplaced_scaffold_115
NW_023276827.1,94649,unplaced_scaffold_116
NW_023276828.1,94174,unplaced_scaffold_117
NW_023276829.1,93574,unplaced_scaffold_118
NW_023276830.1,93531,unplaced_scaffold_119
NW_023276831.1,521167,unplaced_scaffold_12
NW_023276832.1,92831,unplaced_scaffold_120
NW_023276833.1,92507,unplaced_scaffold_121
NW_023276834.1,92283,unplaced_scaffold_122
NW_023276835.1,91038,unplaced_scaffold_123
NW_023276836.1,90270,unplaced_scaffold_124
NW_023276837.1,89318,unplaced_scaffold_125
NW_023276838.1,89221,unplaced_scaffold_126
NW_023276839.1,89140,unplaced_scaffold_127
NW_023276840.1,88739,unplaced_scaffold_128
NW_023276841.1,88027,unplaced_scaffold_129
NW_023276842.1,520189,unplaced_scaffold_13
NW_023276843.1,87948,unplaced_scaffold_130
NW_023276844.1,86995,unplaced_scaffold_131
NW_023276845.1,82522,unplaced_scaffold_132
NW_023276846.1,82219,unplaced_scaffold_133
NW_023276847.1,81920,unplaced_scaffold_134
NW_023276848.1,81484,unplaced_scaffold_135
NW_023276849.1,81375,unplaced_scaffold_136
NW_023276850.1,80947,unplaced_scaffold_137
NW_023276851.1,80867,unplaced_scaffold_138
NW_023276852.1,80724,unplaced_scaffold_139
NW_023276853.1,509502,unplaced_scaffold_14
NW_023276854.1,80578,unplaced_scaffold_140
NW_023276855.1,79876,unplaced_scaffold_141
NW_023276856.1,79381,unplaced_scaffold_142
NW_023276857.1,79248,unplaced_scaffold_143
NW_023276858.1,78819,unplaced_scaffold_144
NW_023276859.1,78711,unplaced_scaffold_145
NW_023276860.1,78577,unplaced_scaffold_146
NW_023276861.1,75953,unplaced_scaffold_147
NW_023276862.1,75670,unplaced_scaffold_148
NW_023276863.1,75560,unplaced_scaffold_149
NW_023276864.1,480056,unplaced_scaffold_15
NW_023276865.1,75000,unplaced_scaffold_150
NW_023276866.1,75000,unplaced_scaffold_151
NW_023276867.1,75000,unplaced_scaffold_152
NW_023276868.1,75000,unplaced_scaffold_153
NW_023276869.1,74305,unplaced_scaffold_154
NW_023276870.1,73752,unplaced_scaffold_155
NW_023276871.1,72727,unplaced_scaffold_156
NW_023276872.1,72558,unplaced_scaffold_157
NW_023276873.1,72178,unplaced_scaffold_158
NW_023276874.1,71633,unplaced_scaffold_159
NW_023276875.1,447013,unplaced_scaffold_16
NW_023276876.1,71624,unplaced_scaffold_160
NW_023276877.1,71415,unplaced_scaffold_161
NW_023276878.1,71337,unplaced_scaffold_162
NW_023276879.1,70997,unplaced_scaffold_163
NW_023276880.1,70841,unplaced_scaffold_164
NW_023276881.1,70654,unplaced_scaffold_165
NW_023276882.1,70595,unplaced_scaffold_166
NW_023276883.1,70062,unplaced_scaffold_167
NW_023276884.1,70051,unplaced_scaffold_168
NW_023276885.1,69519,unplaced_scaffold_169
NW_023276886.1,438294,unplaced_scaffold_17
NW_023276887.1,69473,unplaced_scaffold_170
NW_023276888.1,69453,unplaced_scaffold_171
NW_023276889.1,69264,unplaced_scaffold_172
NW_023276890.1,69245,unplaced_scaffold_173
NW_023276891.1,69120,unplaced_scaffold_174
NW_023276892.1,68901,unplaced_scaffold_175
NW_023276893.1,68815,unplaced_scaffold_176
NW_023276894.1,68051,unplaced_scaffold_177
NW_023276895.1,67135,unplaced_scaffold_178
NW_023276896.1,66434,unplaced_scaffold_179
NW_023276897.1,436398,unplaced_scaffold_18
NW_023276898.1,66351,unplaced_scaffold_180
NW_023276899.1,65915,unplaced_scaffold_181
NW_023276900.1,65738,unplaced_scaffold_182
NW_023276901.1,65027,unplaced_scaffold_183
NW_023276902.1,64513,unplaced_scaffold_184
NW_023276903.1,64039,unplaced_scaffold_185
NW_023276904.1,64034,unplaced_scaffold_186
NW_023276905.1,63895,unplaced_scaffold_187
NW_023276906.1,62976,unplaced_scaffold_188
NW_023276907.1,62722,unplaced_scaffold_189
NW_023276908.1,425692,unplaced_scaffold_19
NW_023276909.1,62245,unplaced_scaffold_190
NW_023276910.1,62124,unplaced_scaffold_191
NW_023276911.1,61967,unplaced_scaffold_192
NW_023276912.1,61568,unplaced_scaffold_193
NW_023276913.1,61555,unplaced_scaffold_194
NW_023276914.1,61353,unplaced_scaffold_195
NW_023276915.1,61256,unplaced_scaffold_196
NW_023276916.1,60537,unplaced_scaffold_197
NW_023276917.1,60315,unplaced_scaffold_198
NW_023276918.1,59626,unplaced_scaffold_199
NW_023276919.1,9941687,unplaced_scaffold_2
NW_023276920.1,400841,unplaced_scaffold_20
NW_023276921.1,59453,unplaced_scaffold_200
NW_023276922.1,59171,unplaced_scaffold_201
NW_023276923.1,58839,unplaced_scaffold_202
NW_023276924.1,58633,unplaced_scaffold_203
NW_023276925.1,58499,unplaced_scaffold_204
NW_023276926.1,57828,unplaced_scaffold_205
NW_023276927.1,57224,unplaced_scaffold_206
NW_023276928.1,57206,unplaced_scaffold_207
NW_023276929.1,56240,unplaced_scaffold_208
NW_023276930.1,56159,unplaced_scaffold_209
NW_023276931.1,398841,unplaced_scaffold_21
NW_023276932.1,55496,unplaced_scaffold_210
NW_023276933.1,55379,unplaced_scaffold_211
NW_023276934.1,55110,unplaced_scaffold_212
NW_023276935.1,55099,unplaced_scaffold_213
NW_023276936.1,54735,unplaced_scaffold_214
NW_023276937.1,54584,unplaced_scaffold_215
NW_023276938.1,53569,unplaced_scaffold_216
NW_023276939.1,53077,unplaced_scaffold_217
NW_023276940.1,52927,unplaced_scaffold_218
NW_023276941.1,52679,unplaced_scaffold_219
NW_023276942.1,353608,unplaced_scaffold_22
NW_023276943.1,52610,unplaced_scaffold_220
NW_023276944.1,52312,unplaced_scaffold_221
NW_023276945.1,52290,unplaced_scaffold_222
NW_023276946.1,52179,unplaced_scaffold_223
NW_023276947.1,52162,unplaced_scaffold_224
NW_023276948.1,52010,unplaced_scaffold_225
NW_023276949.1,51745,unplaced_scaffold_226
NW_023276950.1,51555,unplaced_scaffold_227
NW_023276951.1,51284,unplaced_scaffold_228
NW_023276952.1,51255,unplaced_scaffold_229
NW_023276953.1,341837,unplaced_scaffold_23
NW_023276954.1,51100,unplaced_scaffold_230
NW_023276955.1,51028,unplaced_scaffold_231
NW_023276956.1,50907,unplaced_scaffold_232
NW_023276957.1,50886,unplaced_scaffold_233
NW_023276958.1,50524,unplaced_scaffold_234
NW_023276959.1,50512,unplaced_scaffold_235
NW_023276960.1,50000,unplaced_scaffold_236
NW_023276961.1,50000,unplaced_scaffold_237
NW_023276962.1,50000,unplaced_scaffold_238
NW_023276963.1,50000,unplaced_scaffold_239
NW_023276964.1,327103,unplaced_scaffold_24
NW_023276965.1,50000,unplaced_scaffold_240
NW_023276966.1,50000,unplaced_scaffold_241
NW_023276967.1,49768,unplaced_scaffold_242
NW_023276968.1,49636,unplaced_scaffold_243
NW_023276969.1,49297,unplaced_scaffold_244
NW_023276970.1,49276,unplaced_scaffold_245
NW_023276971.1,49005,unplaced_scaffold_246
NW_023276972.1,48912,unplaced_scaffold_247
NW_023276973.1,48898,unplaced_scaffold_248
NW_023276974.1,48748,unplaced_scaffold_249
NW_023276975.1,306937,unplaced_scaffold_25
NW_023276976.1,48724,unplaced_scaffold_250
NW_023276977.1,48189,unplaced_scaffold_251
NW_023276978.1,47712,unplaced_scaffold_252
NW_023276979.1,47313,unplaced_scaffold_253
NW_023276980.1,46959,unplaced_scaffold_254
NW_023276981.1,46890,unplaced_scaffold_255
NW_023276982.1,46876,unplaced_scaffold_256
NW_023276983.1,46640,unplaced_scaffold_257
NW_023276984.1,46577,unplaced_scaffold_258
NW_023276985.1,46575,unplaced_scaffold_259
NW_023276986.1,286398,unplaced_scaffold_26
NW_023276987.1,46303,unplaced_scaffold_260
NW_023276988.1,46268,unplaced_scaffold_261
NW_023276989.1,46147,unplaced_scaffold_262
NW_023276990.1,45879,unplaced_scaffold_263
NW_023276991.1,45813,unplaced_scaffold_264
NW_023276992.1,45764,unplaced_scaffold_265
NW_023276993.1,45612,unplaced_scaffold_266
NW_023276994.1,45143,unplaced_scaffold_267
NW_023276995.1,44994,unplaced_scaffold_268
NW_023276996.1,44622,unplaced_scaffold_269
NW_023276997.1,278916,unplaced_scaffold_27
NW_023276998.1,44535,unplaced_scaffold_270
NW_023276999.1,44141,unplaced_scaffold_271
NW_023277000.1,44096,unplaced_scaffold_272
NW_023277001.1,43775,unplaced_scaffold_273
NW_023277002.1,43559,unplaced_scaffold_274
NW_023277003.1,43009,unplaced_scaffold_275
NW_023277004.1,42965,unplaced_scaffold_276
NW_023277005.1,42738,unplaced_scaffold_277
NW_023277006.1,42696,unplaced_scaffold_278
NW_023277007.1,42598,unplaced_scaffold_279
NW_023277008.1,243108,unplaced_scaffold_28
NW_023277009.1,42440,unplaced_scaffold_280
NW_023277010.1,41776,unplaced_scaffold_281
NW_023277011.1,41768,unplaced_scaffold_282
NW_023277012.1,41618,unplaced_scaffold_283
NW_023277013.1,41446,unplaced_scaffold_284
NW_023277014.1,41311,unplaced_scaffold_285
NW_023277015.1,40896,unplaced_scaffold_286
NW_023277016.1,40828,unplaced_scaffold_287
NW_023277017.1,40811,unplaced_scaffold_288
NW_023277018.1,40651,unplaced_scaffold_289
NW_023277019.1,231238,unplaced_scaffold_29
NW_023277020.1,40351,unplaced_scaffold_290
NW_023277021.1,40287,unplaced_scaffold_291
NW_023277022.1,40073,unplaced_scaffold_292
NW_023277023.1,39727,unplaced_scaffold_293
NW_023277024.1,39626,unplaced_scaffold_294
NW_023277025.1,39502,unplaced_scaffold_295
NW_023277026.1,39458,unplaced_scaffold_296
NW_023277027.1,39444,unplaced_scaffold_297
NW_023277028.1,39346,unplaced_scaffold_298
NW_023277029.1,39344,unplaced_scaffold_299
NW_023277030.1,3139415,unplaced_scaffold_3
NW_023277031.1,225637,unplaced_scaffold_30
NW_023277032.1,39343,unplaced_scaffold_300
NW_023277033.1,39328,unplaced_scaffold_301
NW_023277034.1,39137,unplaced_scaffold_302
NW_023277035.1,39128,unplaced_scaffold_303
NW_023277036.1,38912,unplaced_scaffold_304
NW_023277037.1,38809,unplaced_scaffold_305
NW_023277038.1,38650,unplaced_scaffold_306
NW_023277039.1,38410,unplaced_scaffold_307
NW_023277040.1,38395,unplaced_scaffold_308
NW_023277041.1,38350,unplaced_scaffold_309
NW_023277042.1,219999,unplaced_scaffold_31
NW_023277043.1,38339,unplaced_scaffold_310
NW_023277044.1,38275,unplaced_scaffold_311
NW_023277045.1,38262,unplaced_scaffold_312
NW_023277046.1,38139,unplaced_scaffold_313
NW_023277047.1,37299,unplaced_scaffold_314
NW_023277048.1,37047,unplaced_scaffold_315
NW_023277049.1,36914,unplaced_scaffold_316
NW_023277050.1,36818,unplaced_scaffold_317
NW_023277051.1,36760,unplaced_scaffold_318
NW_023277052.1,36555,unplaced_scaffold_319
NW_023277053.1,215655,unplaced_scaffold_32
NW_023277054.1,36355,unplaced_scaffold_320
NW_023277055.1,36163,unplaced_scaffold_321
NW_023277056.1,36158,unplaced_scaffold_322
NW_023277057.1,36048,unplaced_scaffold_323
NW_023277058.1,35994,unplaced_scaffold_324
NW_023277059.1,35780,unplaced_scaffold_325
NW_023277060.1,35726,unplaced_scaffold_326
NW_023277061.1,35580,unplaced_scaffold_327
NW_023277062.1,35520,unplaced_scaffold_328
NW_023277063.1,35461,unplaced_scaffold_329
NW_023277064.1,205056,unplaced_scaffold_33
NW_023277065.1,35445,unplaced_scaffold_330
NW_023277066.1,35344,unplaced_scaffold_331
NW_023277067.1,35295,unplaced_scaffold_332
NW_023277068.1,35272,unplaced_scaffold_333
NW_023277069.1,35103,unplaced_scaffold_334
NW_023277070.1,34941,unplaced_scaffold_335
NW_023277071.1,34917,unplaced_scaffold_336
NW_023277072.1,34750,unplaced_scaffold_337
NW_023277073.1,34336,unplaced_scaffold_338
NW_023277074.1,34232,unplaced_scaffold_339
NW_023277075.1,201554,unplaced_scaffold_34
NW_023277076.1,34000,unplaced_scaffold_340
NW_023277077.1,33923,unplaced_scaffold_341
NW_023277078.1,33761,unplaced_scaffold_342
NW_023277079.1,33750,unplaced_scaffold_343
NW_023277080.1,33746,unplaced_scaffold_344
NW_023277081.1,33661,unplaced_scaffold_345
NW_023277082.1,33355,unplaced_scaffold_346
NW_023277083.1,33242,unplaced_scaffold_347
NW_023277084.1,33133,unplaced_scaffold_348
NW_023277085.1,33030,unplaced_scaffold_349
NW_023277086.1,198589,unplaced_scaffold_35
NW_023277087.1,32969,unplaced_scaffold_350
NW_023277088.1,32677,unplaced_scaffold_351
NW_023277089.1,32543,unplaced_scaffold_352
NW_023277090.1,31983,unplaced_scaffold_353
NW_023277091.1,31913,unplaced_scaffold_354
NW_023277092.1,31876,unplaced_scaffold_355
NW_023277093.1,31721,unplaced_scaffold_356
NW_023277094.1,31262,unplaced_scaffold_357
NW_023277095.1,31194,unplaced_scaffold_358
NW_023277096.1,31178,unplaced_scaffold_359
NW_023277097.1,192397,unplaced_scaffold_36
NW_023277098.1,31152,unplaced_scaffold_360
NW_023277099.1,31119,unplaced_scaffold_361
NW_023277100.1,30928,unplaced_scaffold_362
NW_023277101.1,30549,unplaced_scaffold_363
NW_023277102.1,30363,unplaced_scaffold_364
NW_023277103.1,30313,unplaced_scaffold_365
NW_023277104.1,30220,unplaced_scaffold_366
NW_023277105.1,30058,unplaced_scaffold_367
NW_023277106.1,30047,unplaced_scaffold_368
NW_023277107.1,30000,unplaced_scaffold_369
NW_023277108.1,187415,unplaced_scaffold_37
NW_023277109.1,29997,unplaced_scaffold_370
NW_023277110.1,29763,unplaced_scaffold_371
NW_023277111.1,29577,unplaced_scaffold_372
NW_023277112.1,29278,unplaced_scaffold_373
NW_023277113.1,29206,unplaced_scaffold_374
NW_023277114.1,29088,unplaced_scaffold_375
NW_023277115.1,29084,unplaced_scaffold_376
NW_023277116.1,29035,unplaced_scaffold_377
NW_023277117.1,28961,unplaced_scaffold_378
NW_023277118.1,28949,unplaced_scaffold_379
NW_023277119.1,187206,unplaced_scaffold_38
NW_023277120.1,28947,unplaced_scaffold_380
NW_023277121.1,28855,unplaced_scaffold_381
NW_023277122.1,28720,unplaced_scaffold_382
NW_023277123.1,28447,unplaced_scaffold_383
NW_023277124.1,28413,unplaced_scaffold_384
NW_023277125.1,28247,unplaced_scaffold_385
NW_023277126.1,28064,unplaced_scaffold_386
NW_023277127.1,28034,unplaced_scaffold_387
NW_023277128.1,28008,unplaced_scaffold_388
NW_023277129.1,27504,unplaced_scaffold_389
NW_023277130.1,186709,unplaced_scaffold_39
NW_023277131.1,27499,unplaced_scaffold_390
NW_023277132.1,27482,unplaced_scaffold_391
NW_023277133.1,27452,unplaced_scaffold_392
NW_023277134.1,27434,unplaced_scaffold_393
NW_023277135.1,27218,unplaced_scaffold_394
NW_023277136.1,27191,unplaced_scaffold_395
NW_023277137.1,27110,unplaced_scaffold_396
NW_023277138.1,26951,unplaced_scaffold_397
NW_023277139.1,26918,unplaced_scaffold_398
NW_023277140.1,26718,unplaced_scaffold_399
NW_023277141.1,2474610,unplaced_scaffold_4
NW_023277142.1,186652,unplaced_scaffold_40
NW_023277143.1,26519,unplaced_scaffold_400
NW_023277144.1,26425,unplaced_scaffold_401
NW_023277145.1,26411,unplaced_scaffold_402
NW_023277146.1,26379,unplaced_scaffold_403
NW_023277147.1,26359,unplaced_scaffold_404
NW_023277148.1,26331,unplaced_scaffold_405
NW_023277149.1,26258,unplaced_scaffold_406
NW_023277150.1,25790,unplaced_scaffold_407
NW_023277151.1,25629,unplaced_scaffold_408
NW_023277152.1,25626,unplaced_scaffold_409
NW_023277153.1,186610,unplaced_scaffold_41
NW_023277154.1,25588,unplaced_scaffold_410
NW_023277155.1,25547,unplaced_scaffold_411
NW_023277156.1,25529,unplaced_scaffold_412
NW_023277157.1,25393,unplaced_scaffold_413
NW_023277158.1,25387,unplaced_scaffold_414
NW_023277159.1,25240,unplaced_scaffold_415
NW_023277160.1,25234,unplaced_scaffold_416
NW_023277161.1,25149,unplaced_scaffold_417
NW_023277162.1,25073,unplaced_scaffold_418
NW_023277163.1,25000,unplaced_scaffold_419
NW_023277164.1,186155,unplaced_scaffold_42
NW_023277165.1,24861,unplaced_scaffold_420
NW_023277166.1,24674,unplaced_scaffold_421
NW_023277167.1,24640,unplaced_scaffold_422
NW_023277168.1,24556,unplaced_scaffold_423
NW_023277169.1,24522,unplaced_scaffold_424
NW_023277170.1,24432,unplaced_scaffold_425
NW_023277171.1,24398,unplaced_scaffold_426
NW_023277172.1,24336,unplaced_scaffold_427
NW_023277173.1,24313,unplaced_scaffold_428
NW_023277174.1,24284,unplaced_scaffold_429
NW_023277175.1,184060,unplaced_scaffold_43
NW_023277176.1,24238,unplaced_scaffold_430
NW_023277177.1,24237,unplaced_scaffold_431
NW_023277178.1,24180,unplaced_scaffold_432
NW_023277179.1,24101,unplaced_scaffold_433
NW_023277180.1,24052,unplaced_scaffold_434
NW_023277181.1,24047,unplaced_scaffold_435
NW_023277182.1,23960,unplaced_scaffold_436
NW_023277183.1,23952,unplaced_scaffold_437
NW_023277184.1,23506,unplaced_scaffold_438
NW_023277185.1,23467,unplaced_scaffold_439
NW_023277186.1,181876,unplaced_scaffold_44
NW_023277187.1,23438,unplaced_scaffold_440
NW_023277188.1,23388,unplaced_scaffold_441
NW_023277189.1,23293,unplaced_scaffold_442
NW_023277190.1,23262,unplaced_scaffold_443
NW_023277191.1,23262,unplaced_scaffold_444
NW_023277192.1,23262,unplaced_scaffold_445
NW_023277193.1,23209,unplaced_scaffold_446
NW_023277194.1,23156,unplaced_scaffold_447
NW_023277195.1,22961,unplaced_scaffold_448
NW_023277196.1,22954,unplaced_scaffold_449
NW_023277197.1,178044,unplaced_scaffold_45
NW_023277198.1,22783,unplaced_scaffold_450
NW_023277199.1,22782,unplaced_scaffold_451
NW_023277200.1,22559,unplaced_scaffold_452
NW_023277201.1,22530,unplaced_scaffold_453
NW_023277202.1,22508,unplaced_scaffold_454
NW_023277203.1,22430,unplaced_scaffold_455
NW_023277204.1,22392,unplaced_scaffold_456
NW_023277205.1,22392,unplaced_scaffold_457
NW_023277206.1,22344,unplaced_scaffold_458
NW_023277207.1,22253,unplaced_scaffold_459
NW_023277208.1,175625,unplaced_scaffold_46
NW_023277209.1,22209,unplaced_scaffold_460
NW_023277210.1,22032,unplaced_scaffold_461
NW_023277211.1,22023,unplaced_scaffold_462
NW_023277212.1,21998,unplaced_scaffold_463
NW_023277213.1,21947,unplaced_scaffold_464
NW_023277214.1,21664,unplaced_scaffold_465
NW_023277215.1,21457,unplaced_scaffold_466
NW_023277216.1,21425,unplaced_scaffold_467
NW_023277217.1,21324,unplaced_scaffold_468
NW_023277218.1,21299,unplaced_scaffold_469
NW_023277219.1,172509,unplaced_scaffold_47
NW_023277220.1,21200,unplaced_scaffold_470
NW_023277221.1,21125,unplaced_scaffold_471
NW_023277222.1,20998,unplaced_scaffold_472
NW_023277223.1,20870,unplaced_scaffold_473
NW_023277224.1,20853,unplaced_scaffold_474
NW_023277225.1,20807,unplaced_scaffold_475
NW_023277226.1,20789,unplaced_scaffold_476
NW_023277227.1,20650,unplaced_scaffold_477
NW_023277228.1,20649,unplaced_scaffold_478
NW_023277229.1,20573,unplaced_scaffold_479
NW_023277230.1,171125,unplaced_scaffold_48
NW_023277231.1,20218,unplaced_scaffold_480
NW_023277232.1,20214,unplaced_scaffold_481
NW_023277233.1,20193,unplaced_scaffold_482
NW_023277234.1,20110,unplaced_scaffold_483
NW_023277235.1,20076,unplaced_scaffold_484
NW_023277236.1,20067,unplaced_scaffold_485
NW_023277237.1,20000,unplaced_scaffold_486
NW_023277238.1,19974,unplaced_scaffold_487
NW_023277239.1,19948,unplaced_scaffold_488
NW_023277240.1,19928,unplaced_scaffold_489
NW_023277241.1,170911,unplaced_scaffold_49
NW_023277242.1,19891,unplaced_scaffold_490
NW_023277243.1,19795,unplaced_scaffold_491
NW_023277244.1,19762,unplaced_scaffold_492
NW_023277245.1,19675,unplaced_scaffold_493
NW_023277246.1,19671,unplaced_scaffold_494
NW_023277247.1,19600,unplaced_scaffold_495
NW_023277248.1,19418,unplaced_scaffold_496
NW_023277249.1,19416,unplaced_scaffold_497
NW_023277250.1,19275,unplaced_scaffold_498
NW_023277251.1,19275,unplaced_scaffold_499
NW_023277252.1,2076526,unplaced_scaffold_5
NW_023277253.1,162913,unplaced_scaffold_50
NW_023277254.1,19229,unplaced_scaffold_500
NW_023277255.1,19209,unplaced_scaffold_501
NW_023277256.1,19173,unplaced_scaffold_502
NW_023277257.1,19153,unplaced_scaffold_503
NW_023277258.1,19074,unplaced_scaffold_504
NW_023277259.1,19028,unplaced_scaffold_505
NW_023277260.1,18920,unplaced_scaffold_506
NW_023277261.1,18760,unplaced_scaffold_507
NW_023277262.1,18477,unplaced_scaffold_508
NW_023277263.1,18415,unplaced_scaffold_509
NW_023277264.1,156571,unplaced_scaffold_51
NW_023277265.1,18303,unplaced_scaffold_510
NW_023277266.1,18281,unplaced_scaffold_511
NW_023277267.1,18246,unplaced_scaffold_512
NW_023277268.1,18222,unplaced_scaffold_513
NW_023277269.1,18140,unplaced_scaffold_514
NW_023277270.1,18042,unplaced_scaffold_515
NW_023277271.1,17978,unplaced_scaffold_516
NW_023277272.1,17959,unplaced_scaffold_517
NW_023277273.1,17886,unplaced_scaffold_518
NW_023277274.1,17815,unplaced_scaffold_519
NW_023277275.1,154803,unplaced_scaffold_52
NW_023277276.1,17711,unplaced_scaffold_520
NW_023277277.1,17647,unplaced_scaffold_521
NW_023277278.1,17453,unplaced_scaffold_522
NW_023277279.1,17399,unplaced_scaffold_523
NW_023277280.1,17247,unplaced_scaffold_524
NW_023277281.1,17213,unplaced_scaffold_525
NW_023277282.1,17110,unplaced_scaffold_526
NW_023277283.1,16996,unplaced_scaffold_527
NW_023277284.1,16978,unplaced_scaffold_528
NW_023277285.1,16839,unplaced_scaffold_529
NW_023277286.1,154394,unplaced_scaffold_53
NW_023277287.1,16772,unplaced_scaffold_530
NW_023277288.1,16748,unplaced_scaffold_531
NW_023277289.1,16488,unplaced_scaffold_532
NW_023277290.1,16204,unplaced_scaffold_533
NW_023277291.1,16177,unplaced_scaffold_534
NW_023277292.1,16106,unplaced_scaffold_535
NW_023277293.1,15999,unplaced_scaffold_536
NW_023277294.1,15974,unplaced_scaffold_537
NW_023277295.1,15878,unplaced_scaffold_538
NW_023277296.1,15828,unplaced_scaffold_539
NW_023277297.1,152945,unplaced_scaffold_54
NW_023277298.1,15666,unplaced_scaffold_540
NW_023277299.1,15623,unplaced_scaffold_541
NW_023277300.1,15580,unplaced_scaffold_542
NW_023277301.1,15539,unplaced_scaffold_543
NW_023277302.1,15533,unplaced_scaffold_544
NW_023277303.1,15480,unplaced_scaffold_545
NW_023277304.1,15292,unplaced_scaffold_546
NW_023277305.1,15217,unplaced_scaffold_547
NW_023277306.1,15153,unplaced_scaffold_548
NW_023277307.1,15042,unplaced_scaffold_549
NW_023277308.1,151234,unplaced_scaffold_55
NW_023277309.1,15000,unplaced_scaffold_550
NW_023277310.1,14687,unplaced_scaffold_551
NW_023277311.1,14648,unplaced_scaffold_552
NW_023277312.1,14613,unplaced_scaffold_553
NW_023277313.1,14574,unplaced_scaffold_554
NW_023277314.1,14569,unplaced_scaffold_555
NW_023277315.1,14549,unplaced_scaffold_556
NW_023277316.1,14544,unplaced_scaffold_557
NW_023277317.1,14443,unplaced_scaffold_558
NW_023277318.1,14391,unplaced_scaffold_559
NW_023277319.1,150924,unplaced_scaffold_56
NW_023277320.1,14248,unplaced_scaffold_560
NW_023277321.1,14140,unplaced_scaffold_561
NW_023277322.1,14043,unplaced_scaffold_562
NW_023277323.1,14009,unplaced_scaffold_563
NW_023277324.1,13999,unplaced_scaffold_564
NW_023277325.1,13948,unplaced_scaffold_565
NW_023277326.1,13761,unplaced_scaffold_566
NW_023277327.1,13733,unplaced_scaffold_567
NW_023277328.1,13676,unplaced_scaffold_568
NW_023277329.1,13645,unplaced_scaffold_569
NW_023277330.1,150032,unplaced_scaffold_57
NW_023277331.1,13485,unplaced_scaffold_570
NW_023277332.1,13450,unplaced_scaffold_571
NW_023277333.1,13385,unplaced_scaffold_572
NW_023277334.1,13320,unplaced_scaffold_573
NW_023277335.1,12964,unplaced_scaffold_574
NW_023277336.1,12854,unplaced_scaffold_575
NW_023277337.1,12845,unplaced_scaffold_576
NW_023277338.1,12770,unplaced_scaffold_577
NW_023277339.1,12705,unplaced_scaffold_578
NW_023277340.1,12684,unplaced_scaffold_579
NW_023277341.1,145878,unplaced_scaffold_58
NW_023277342.1,12638,unplaced_scaffold_580
NW_023277343.1,12542,unplaced_scaffold_581
NW_023277344.1,12440,unplaced_scaffold_582
NW_023277345.1,12435,unplaced_scaffold_583
NW_023277346.1,12393,unplaced_scaffold_584
NW_023277347.1,12387,unplaced_scaffold_585
NW_023277348.1,12259,unplaced_scaffold_586
NW_023277349.1,12194,unplaced_scaffold_587
NW_023277350.1,12074,unplaced_scaffold_588
NW_023277351.1,11807,unplaced_scaffold_589
NW_023277352.1,144745,unplaced_scaffold_59
NW_023277353.1,11797,unplaced_scaffold_590
NW_023277354.1,11735,unplaced_scaffold_591
NW_023277355.1,11342,unplaced_scaffold_592
NW_023277356.1,11089,unplaced_scaffold_593
NW_023277357.1,10944,unplaced_scaffold_594
NW_023277358.1,10617,unplaced_scaffold_595
NW_023277359.1,10362,unplaced_scaffold_596
NW_023277360.1,10187,unplaced_scaffold_597
NW_023277361.1,10060,unplaced_scaffold_598
NW_023277362.1,10000,unplaced_scaffold_599
NW_023277363.1,1053254,unplaced_scaffold_6
NW_023277364.1,142641,unplaced_scaffold_60
NW_023277365.1,10000,unplaced_scaffold_600
NW_023277366.1,10000,unplaced_scaffold_601
NW_023277367.1,10000,unplaced_scaffold_602
NW_023277368.1,10000,unplaced_scaffold_603
NW_023277369.1,9935,unplaced_scaffold_604
NW_023277370.1,9428,unplaced_scaffold_605
NW_023277371.1,8394,unplaced_scaffold_606
NW_023277372.1,7952,unplaced_scaffold_607
NW_023277373.1,7930,unplaced_scaffold_608
NW_023277374.1,7836,unplaced_scaffold_609
NW_023277375.1,138043,unplaced_scaffold_61
NW_023277376.1,7775,unplaced_scaffold_610
NW_023277377.1,7765,unplaced_scaffold_611
NW_023277378.1,7692,unplaced_scaffold_612
NW_023277379.1,7401,unplaced_scaffold_613
NW_023277380.1,7102,unplaced_scaffold_614
NW_023277381.1,6714,unplaced_scaffold_615
NW_023277382.1,6302,unplaced_scaffold_616
NW_023277383.1,5927,unplaced_scaffold_617
NW_023277384.1,5000,unplaced_scaffold_618
NW_023277385.1,4802,unplaced_scaffold_619
NW_023277386.1,137135,unplaced_scaffold_62
NW_023277387.1,4636,unplaced_scaffold_620
NW_023277388.1,4614,unplaced_scaffold_621
NW_023277389.1,3979,unplaced_scaffold_622
NW_023277390.1,3000,unplaced_scaffold_623
NW_023277391.1,3000,unplaced_scaffold_624
NW_023277392.1,2936,unplaced_scaffold_625
NW_023277393.1,2649,unplaced_scaffold_626
NW_023277394.1,2303,unplaced_scaffold_627
NW_023277395.1,2000,unplaced_scaffold_628
NW_023277396.1,2000,unplaced_scaffold_629
NW_023277397.1,133014,unplaced_scaffold_63
NW_023277398.1,2000,unplaced_scaffold_630
NW_023277399.1,2000,unplaced_scaffold_631
NW_023277400.1,1000,unplaced_scaffold_632
NW_023277401.1,1000,unplaced_scaffold_633
NW_023277402.1,1000,unplaced_scaffold_634
NW_023277403.1,568,unplaced_scaffold_635
NW_023277404.1,132356,unplaced_scaffold_64
NW_023277405.1,128277,unplaced_scaffold_65
NW_023277406.1,127698,unplaced_scaffold_66
NW_023277407.1,127042,unplaced_scaffold_67
NW_023277408.1,126515,unplaced_scaffold_68
NW_023277409.1,125725,unplaced_scaffold_69
NW_023277410.1,1002147,unplaced_scaffold_7
NW_023277411.1,124996,unplaced_scaffold_70
NW_023277412.1,124785,unplaced_scaffold_71
NW_023277413.1,124692,unplaced_scaffold_72
NW_023277414.1,124308,unplaced_scaffold_73
NW_023277415.1,120045,unplaced_scaffold_74
NW_023277416.1,118916,unplaced_scaffold_75
NW_023277417.1,118913,unplaced_scaffold_76
NW_023277418.1,118544,unplaced_scaffold_77
NW_023277419.1,117751,unplaced_scaffold_78
NW_023277420.1,117027,unplaced_scaffold_79
NW_023277421.1,682437,unplaced_scaffold_8
NW_023277422.1,116830,unplaced_scaffold_80
NW_023277423.1,116423,unplaced_scaffold_81
NW_023277424.1,115367,unplaced_scaffold_82
NW_023277425.1,113305,unplaced_scaffold_83
NW_023277426.1,111588,unplaced_scaffold_84
NW_023277427.1,111456,unplaced_scaffold_85
NW_023277428.1,111189,unplaced_scaffold_86
NW_023277429.1,111027,unplaced_scaffold_87
NW_023277430.1,110560,unplaced_scaffold_88
NW_023277431.1,109947,unplaced_scaffold_89
NW_023277432.1,595479,unplaced_scaffold_9
NW_023277433.1,109119,unplaced_scaffold_90
NW_023277434.1,107932,unplaced_scaffold_91
NW_023277435.1,107667,unplaced_scaffold_92
NW_023277436.1,105417,unplaced_scaffold_93
NW_023277437.1,104682,unplaced_scaffold_94
NW_023277438.1,104285,unplaced_scaffold_95
NW_023277439.1,103907,unplaced_scaffold_96
NW_023277440.1,103770,unplaced_scaffold_97
NW_023277441.1,103258,unplaced_scaffold_98
NW_023277442.1,103156,unplaced_scaffold_99